y_true,y_pred_tanh,y_pred_relu
99.9000015258789,99.134895,98.41653
100.30000305175781,99.362625,98.58382
100.93000030517578,99.55188,98.724815
98.75,99.72565,98.86759
98.06999969482422,99.80073,98.907745
99.56999969482422,99.77355,98.84518
99.68000030517578,99.72615,98.77738
98.01000213623047,99.668846,98.71394
96.61000061035156,99.54322,98.586136
99.93000030517578,99.325615,98.36565
102.5,99.16765,98.230125
102.20999908447266,99.152985,98.27296
100.5999984741211,99.237,98.42492
100.86000061035156,99.33414,98.57355
97.44999694824219,99.44501,98.72258
100.5199966430664,99.43915,98.7162
102.97000122070312,99.4543,98.7358
102.18000030517578,99.57511,98.87986
101.13999938964844,99.74329,99.06833
92.30999755859375,99.899704,99.23285
91.98999786376953,99.70839,99.02115
92.86000061035156,99.26086,98.55837
90.9800033569336,98.6853,97.98097
92.7699966430664,97.966644,97.30058
93.76000213623047,97.23975,96.64308
91.3499984741211,96.57615,96.069466
91.81999969482422,95.90881,95.51106
89.81999969482422,95.28686,95.00846
89.06999969482422,94.659325,94.51559
88.13999938964844,94.032005,94.0369
88.29000091552734,93.40171,93.56246
87.81999969482422,92.855415,93.11799
87.95999908447266,92.42397,92.71498
88.58999633789062,92.04782,92.366394
90.7699966430664,91.754265,92.089035
91.0,91.60802,91.92906
92.16000366210938,91.585106,91.86396
92.5199966430664,91.692795,91.90187
92.52999877929688,91.90241,92.0189
91.93000030517578,92.17719,92.184235
93.13999938964844,92.46653,92.35508
93.8499984741211,92.79157,92.560005
92.44999694824219,93.14885,92.8041
92.94000244140625,93.46631,93.01348
91.31999969482422,93.7548,93.204384
89.75,93.95335,93.32071
88.63999938964844,94.025604,93.33304
88.48999786376953,93.96581,93.24231
88.0999984741211,93.80881,93.083565
88.69999694824219,93.576836,92.880486
89.05999755859375,93.32264,92.67544
88.83000183105469,93.07814,92.490295
88.94999694824219,92.845985,92.32311
89.27999877929688,92.63883,92.1799
90.5,92.4722,92.06908
89.79000091552734,92.383415,92.019424
88.73999786376953,92.33235,91.99335
88.63999938964844,92.27784,91.95617
88.0999984741211,92.22069,91.91102
89.48999786376953,92.147766,91.849365
90.1500015258789,92.112045,91.81529
90.47000122070312,92.126724,91.820465
88.62000274658203,92.1881,91.860664
85.55999755859375,92.22051,91.87097
85.94999694824219,92.132065,91.78742
87.04000091552734,91.9734,91.656235
86.20999908447266,91.80818,91.52571
87.18000030517578,91.620705,91.38473
86.5999984741211,91.45834,91.26562
85.62999725341797,91.305405,91.15487
85.86000061035156,91.1366,91.03354
85.36000061035156,90.97375,90.91626
86.12999725341797,90.80801,90.797676
88.88999938964844,90.67362,90.69972
89.02999877929688,90.658356,90.68556
86.30000305175781,90.73439,90.731895
85.48999786376953,90.78674,90.75018
86.30000305175781,90.793495,90.730515
86.83000183105469,90.79286,90.70424
88.12999725341797,90.80402,90.68738
87.48999786376953,90.86443,90.70821
91.76000213623047,90.93792,90.738304
89.0199966430664,91.153885,90.88407
88.80999755859375,91.37446,91.0247
87.05999755859375,91.579796,91.148346
86.3499984741211,91.70682,91.212555
85.91999816894531,91.74717,91.21692
85.95999908447266,91.70885,91.17215
85.87999725341797,91.61637,91.09833
85.79000091552734,91.48765,91.00831
85.83000183105469,91.335945,90.91096
82.47000122070312,91.17752,90.81489
83.36000061035156,90.916145,90.65951
84.16000366210938,90.62207,90.48963
84.4000015258789,90.34607,90.33499
84.27999877929688,90.10593,90.2027
83.68000030517578,89.90116,90.090416
81.63999938964844,89.71455,89.9853
81.19000244140625,89.48695,89.85446
80.9800033569336,89.22841,89.70645
80.56999969482422,88.95528,89.55399
81.58000183105469,88.67405,89.400894
82.5199966430664,88.47177,89.27155
83.68000030517578,88.440926,89.17958
83.4800033569336,88.45932,89.136635
84.4800033569336,88.50881,89.12368
85.58000183105469,88.593735,89.14957
85.0199966430664,88.71635,89.21961
81.94000244140625,88.84831,89.30454
82.55999755859375,88.92986,89.33751
82.7300033569336,88.981705,89.345634
81.25,89.013245,89.33982
81.01000213623047,89.00566,89.30207
80.05000305175781,88.96829,89.24283
79.9000015258789,88.89879,89.1574
80.12999725341797,88.81011,89.05756
81.05000305175781,88.718956,88.95789
81.66999816894531,88.647675,88.87836
79.54000091552734,88.60553,88.826675
79.31999969482422,88.55325,88.76113
80.80999755859375,88.49485,88.685524
82.94000244140625,88.46132,88.631966
84.69999694824219,88.48145,88.62907
84.98999786376953,88.566,88.69048
84.8499984741211,88.693756,88.79635
84.3499984741211,88.8405,88.92205
84.3499984741211,88.98236,89.04382
85.70999908447266,89.11067,89.15678
86.19999694824219,89.242134,89.28409
84.68000030517578,89.37401,89.42426
83.25,89.58983,89.5364
82.6500015258789,89.74959,89.596565
83.0999984741211,89.81253,89.60909
82.55999755859375,89.815216,89.59812
80.58999633789062,89.75746,89.56372
79.77999877929688,89.599106,89.48524
79.33000183105469,89.35113,89.36924
80.68000030517578,89.037605,89.22862
81.58999633789062,88.822975,89.10297
81.06999969482422,88.70734,89.00786
83.29000091552734,88.61741,88.929794
85.06999969482422,88.58688,88.90053
84.0199966430664,88.62769,88.93885
84.58999633789062,88.69871,88.99837
84.5,88.794876,89.07881
90.33999633789062,88.90052,89.16732
88.2699966430664,89.09905,89.38551
89.44000244140625,89.39708,89.630035
91.06999969482422,89.884056,89.907745
93.93000030517578,90.45614,90.23481
94.51000213623047,91.15035,90.6741
94.1500015258789,91.912186,91.19243
95.02999877929688,92.664154,91.72596
94.44999694824219,93.38517,92.278625
95.06999969482422,94.0377,92.794426
96.05999755859375,94.6246,93.28417
95.16999816894531,95.16463,93.77181
92.5,95.61036,94.19698
92.5,95.87303,94.45581
92.69000244140625,95.98691,94.58807
92.58000183105469,95.991646,94.633514
92.01000213623047,95.91084,94.614815
90.79000091552734,95.75156,94.53478
91.5,95.502,94.37946
92.3499984741211,95.22252,94.203224
92.81999969482422,94.962944,94.04993
92.19999694824219,94.74583,93.93595
91.06999969482422,94.54928,93.83574
92.83000183105469,94.34056,93.71393
93.94000244140625,94.19162,93.6389
93.45999908447266,94.129326,93.63843
92.86000061035156,94.117035,93.67132
93.93000030517578,94.12237,93.706245
91.2699966430664,94.174614,93.77686
92.0199966430664,94.17128,93.77983
91.0199966430664,94.15239,93.76011
90.94999694824219,94.090485,93.69361
90.37999725341797,93.998344,93.596886
90.4000015258789,93.871475,93.46861
90.29000091552734,93.7264,93.3263
90.70999908447266,93.57272,93.180084
91.6500015258789,93.435455,93.05108
90.55999755859375,93.34825,92.96969
90.9000015258789,93.26721,92.89259
91.55000305175781,93.20595,92.83151
89.66999816894531,93.183784,92.80505
89.29000091552734,93.130554,92.748
89.44999694824219,93.04603,92.66198
90.3499984741211,92.94833,92.56647
93.05000305175781,92.87606,92.49521
90.33999633789062,92.91409,92.52833
92.20999908447266,92.94242,92.546295
93.05999755859375,93.02348,92.61076
95.08000183105469,93.16614,92.73039
93.7699966430664,93.41281,92.95893
93.5,93.678795,93.19784
94.86000061035156,93.93619,93.420395
95.36000061035156,94.218185,93.6741
97.48999786376953,94.51962,93.95555
96.94000244140625,94.88932,94.32654
96.05000305175781,95.27043,94.71517
97.05999755859375,95.61064,95.05802
97.12999725341797,95.935356,95.390335
96.6500015258789,96.233185,95.699585
99.29000091552734,96.478836,95.95528
99.13999938964844,96.8306,96.26038
110.54000091552734,97.19779,96.57732
108.38999938964844,97.95945,97.38368
109.29000091552734,98.9106,98.40741
110.45999908447266,99.99702,99.5722
111.55999755859375,101.19429,100.82907
112.44999694824219,102.49668,102.13545
111.5999984741211,103.82237,103.450386
109.44000244140625,105.07178,104.66557
107.66999816894531,106.12197,105.64709
107.63999938964844,106.90335,106.32721
107.73999786376953,107.44325,106.75374
107.68000030517578,107.77858,106.97949
109.41999816894531,107.940475,107.044525
110.80000305175781,108.03233,107.07049
111.58000183105469,108.120445,107.12933
111.94999694824219,108.23333,107.241974
113.69000244140625,108.37233,107.40327
112.87000274658203,108.594826,107.671005
110.05999755859375,108.83536,107.9603
110.18000030517578,108.96944,108.117966
110.31999969482422,109.02017,108.1806
112.30999755859375,109.010086,108.17511
112.45999908447266,109.0322,108.21361
112.5,109.08375,108.28738
112.05999755859375,109.15353,108.38291
111.94999694824219,109.21735,108.46869
113.8499984741211,109.270195,108.536476
114.51000213623047,109.38851,108.678764
116.45999908447266,109.5731,108.89472
116.69999694824219,109.87846,109.24431
115.87000274658203,110.27015,109.68311
119.36000061035156,110.674805,110.12121
119.93000030517578,111.21403,110.70432
120.9800033569336,111.85067,111.383995
122.36000061035156,112.57518,112.147995
121.52999877929688,113.38997,112.99974
122.8199996948242,114.20043,113.82666
118.9800033569336,115.02606,114.65654
117.08999633789062,115.6654,115.25482
118.37999725341797,116.05819,115.56471
117.3499984741211,116.30014,115.71587
117.97000122070312,116.37117,115.689384
117.19000244140625,116.33624,115.56661
117.1500015258789,116.18817,115.341965
114.01000213623047,115.9617,115.05182
112.94999694824219,115.55729,114.57717
113.87999725341797,114.99637,113.94639
112.94000244140625,114.382645,113.2832
112.43000030517578,113.71573,112.58445
112.61000061035156,113.02106,111.87305
111.98999786376953,112.34501,111.200165
113.70999908447266,111.68826,110.56178
113.91999816894531,111.14637,110.06833
112.7699966430664,110.72283,109.707825
112.7300033569336,110.36221,109.40589
112.08000183105469,110.06572,109.16963
111.0999984741211,109.804886,108.96108
110.4800033569336,109.544365,108.73872
112.62000274658203,109.2714,108.49103
113.66000366210938,109.08664,108.34124
116.47000122070312,109.01707,108.317345
105.38999938964844,109.150635,108.518425
105.44000244140625,108.989296,108.34736
105.80000305175781,108.62371,107.9324
105.79000091552734,108.13341,107.37984
105.83000183105469,107.57049,106.75964
105.3499984741211,106.9808,106.12721
102.7699966430664,106.3805,105.495255
103.37000274658203,105.70199,104.78061
103.25,105.02103,104.07546
102.9000015258789,104.36444,103.410095
103.01000213623047,103.74332,102.794174
103.0199966430664,103.18371,102.25524
100.66000366210938,102.696335,101.80086
101.76000213623047,102.19658,101.32445
102.44000244140625,101.753944,100.91042
100.87999725341797,101.40002,100.594864
101.69999694824219,101.06984,100.296646
103.91000366210938,100.80455,100.063225
102.7699966430664,100.68285,99.98986
103.33000183105469,100.633835,99.98179
101.5,100.66233,100.047386
101.20999908447266,100.68046,100.07837
101.54000091552734,100.678986,100.0731
102.73999786376953,100.67421,100.05727
100.87000274658203,100.714386,100.09085
100.80000305175781,100.713554,100.07142
100.08999633789062,100.68216,100.016396
99.97000122070312,100.6022,99.90569
101.5199966430664,100.484276,99.75723
101.5,100.403076,99.66211
101.83999633789062,100.35138,99.60658
102.2699966430664,100.33911,99.59777
101.9800033569336,100.37215,99.6427
102.19999694824219,100.42782,99.70967
102.18000030517578,100.50672,99.798065
102.16999816894531,100.59877,99.89608
99.29000091552734,100.6952,99.99561
98.04000091552734,100.682686,99.9612
97.98999786376953,100.54253,99.78222
98.61000061035156,100.309685,99.51132
97.98999786376953,100.04052,99.218575
97.37000274658203,99.73435,98.902695
97.05000305175781,99.39169,98.56324
96.97000122070312,99.02694,98.21507
96.5999984741211,98.67426,97.87821
97.12999725341797,98.32415,97.55375
96.87000274658203,98.01154,97.27889
98.47000122070312,97.73175,97.041176
97.30999755859375,97.546684,96.9078
96.79000091552734,97.40093,96.8065
95.73999786376953,97.27343,96.7116
