y_true,y_pred
286.14001464843744,290.50302
288.7999877929687,291.22693
288.3699951171875,291.90292
288.4500122070312,292.51373
286.10998535156244,293.06323
285.760009765625,293.48718
281.7699890136718,293.796
275.4200134277344,293.89758
295.36999511718744,293.6619
304.82998657226557,293.7399
307.260009765625,294.32187
305.5599975585937,295.34738
305.4100036621093,296.63828
304.3999938964844,298.0885
305.4100036621093,299.58377
310.6499938964844,301.09125
308.6499938964843,302.70438
307.0,304.28897
312.30999755859375,305.7566
310.1099853515625,307.23807
308.97000122070307,308.62195
309.45999145507807,309.8595
311.739990234375,310.96317
313.99999999999994,311.9971
318.5199890136719,313.01227
318.33999633789057,314.11243
321.1799926757812,315.2419
315.260009765625,316.44293
313.85000610351557,317.49796
325.9200134277344,318.37357
332.89001464843744,319.42413
331.20999145507807,320.7686
328.39001464843744,322.2514
332.57998657226557,323.71893
335.3999938964844,325.24753
335.94000244140625,326.85165
333.6799926757812,328.47778
323.38000488281244,330.00778
325.26000976562494,331.13177
326.7900085449218,331.96863
331.8500061035156,332.60327
334.2900085449219,333.20837
337.33999633789057,333.8439
348.10000610351557,334.57352
342.3299865722656,335.65527
338.0499877929687,336.81097
333.5599975585937,337.87442
339.7099914550781,338.71164
335.0199890136718,339.5223
328.6000061035156,340.15417
334.57000732421875,340.45673
335.85000610351557,340.67023
335.0499877929687,340.84387
340.5400085449219,340.96378
337.989990234375,341.1963
338.1499938964843,341.4374
341.2699890136718,341.6868
337.22000122070307,342.02274
331.8299865722656,342.30106
332.47000122070307,342.38043
337.20001220703125,342.32626
342.6600036621093,342.30258
345.23999023437494,342.4529
345.7300109863281,342.80225
359.48999023437494,343.30652
355.0799865722656,344.29416
346.86999511718744,345.48825
343.7699890136719,346.57697
345.10998535156244,347.46646
350.98001098632807,348.21063
337.7699890136718,348.9798
330.72000122070307,349.37555
338.3699951171875,349.29007
335.9200134277344,349.05777
336.3399963378906,348.6509
327.5,348.1428
326.6600036621094,347.33365
327.7799987792969,346.30707
330.1099853515625,345.1811
326.0499877929687,344.08176
322.2300109863281,342.92657
322.9299926757812,341.6636
321.010009765625,340.38037
324.0400085449218,339.06723
321.85998535156244,337.85745
320.3999938964844,336.701
316.8800048828125,335.5808
316.4800109863281,334.42355
321.88000488281244,333.26166
322.4599914550781,332.2799
327.0,331.4769
319.97000122070307,330.96008
322.98001098632807,330.47665
323.70001220703125,330.11792
328.4100036621093,329.8788
328.7900085449218,329.8653
327.760009765625,330.02905
328.6600036621093,330.29105
333.5499877929687,330.64163
332.88000488281244,331.18073
329.9100036621093,331.8225
334.2699890136719,332.4378
337.94000244140625,333.1338
331.7699890136718,333.9669
336.05999755859375,334.70416
338.70001220703125,335.467
330.2200012207031,336.29547
329.0599975585937,336.9112
328.6499938964843,337.31836
320.7699890136718,337.5425
319.5299987792968,337.4025
317.010009765625,336.96106
317.5400085449218,336.2362
312.1400146484375,335.33777
312.7900085449218,334.1882
313.6400146484375,332.90836
315.74999999999994,331.5958
321.79998779296875,330.3612
313.3900146484375,329.39578
318.9599914550781,328.43033
319.3599853515625,327.6555
327.260009765625,327.05618
329.82000732421875,326.8282
328.39001464843744,326.9559
332.4200134277344,327.30765
331.1600036621094,327.92773
327.73001098632807,328.69052
332.64001464843744,329.4375
332.0599975585937,330.28186
330.1099853515625,331.15033
331.32000732421875,331.95343
326.6700134277344,332.7141
329.32000732421875,333.2871
330.5299987792969,333.7751
340.6700134277344,334.2158
327.8900146484375,334.8905
329.80999755859375,335.36505
337.30999755859375,335.73538
338.1099853515625,336.22238
346.0700073242187,336.80322
348.32000732421875,337.6611
352.79998779296875,338.76343
356.5299987792968,340.14188
360.5299987792969,341.7877
363.2000122070312,343.69214
360.69000244140625,345.8023
369.6700134277344,347.92868
366.67999267578125,350.24536
370.2699890136718,352.54266
369.6700134277344,354.85168
376.1700134277344,357.07635
369.85000610351557,359.3451
377.44000244140625,361.39932
373.07000732421875,363.43994
377.8500061035156,365.28348
377.42999267578125,367.05676
378.6099853515625,368.70975
382.70001220703125,370.2567
378.85000610351557,371.78934
378.9100036621094,373.1601
374.51000976562494,374.37463
369.1400146484375,375.31766
372.5199890136719,375.88828
368.79998779296875,376.25974
370.9500122070312,376.37045
374.23001098632807,376.3484
371.29998779296875,376.3198
374.3800048828125,376.2115
374.3699951171875,376.13782
365.9299926757812,376.09387
370.7300109863281,375.84824
372.6499938964844,375.59695
373.26000976562494,375.39813
370.6199951171875,375.26187
373.5400085449218,375.10663
374.57998657226557,375.02393
374.6600036621094,375.02435
374.0700073242187,375.08884
375.2799987792968,375.18332
376.0400085449219,375.32977
370.8699951171875,375.52948
370.6000061035156,375.6213
367.9400024414062,375.62463
367.75,375.48767
374.69000244140625,375.24554
375.7900085449219,375.12033
382.7699890136718,375.11273
384.6300048828125,375.38464
388.4700012207032,375.90475
390.2699890136719,376.69852
389.4700012207031,377.71747
393.8699951171875,378.84833
398.6700134277344,380.1432
396.51000976562506,381.6419
398.8999938964844,383.18097
402.55999755859375,384.7643
404.8699951171875,386.42343
403.92999267578125,388.14276
409.7200012207031,389.82422
408.5899963378907,391.57758
397.5799865722657,393.29303
403.7799987792969,394.6342
411.2200012207031,395.82745
405.6499938964844,397.06372
405.48999023437494,398.1415
414.0499877929687,399.07166
414.1099853515625,400.09097
420.5499877929688,401.14133
415.26000976562506,402.35468
406.3200073242187,403.50827
409.489990234375,404.3524
406.5599975585938,405.03104
404.05999755859375,405.48456
402.7900085449218,405.69482
402.17999267578125,405.68848
411.6499938964844,405.50903
410.3399963378906,405.45984
407.5400085449218,405.46997
407.4800109863281,405.45673
407.7200012207031,405.4306
413.64001464843756,405.40338
415.5,405.5328
414.9200134277344,405.81873
402.6499938964844,406.19623
402.08999633789057,406.30792
409.1400146484375,406.21384
406.2200012207031,406.15268
404.5199890136718,406.03375
415.2799987792968,405.83524
415.1000061035156,405.86935
425.2200012207031,406.06186
416.4200134277344,406.63412
417.3200073242187,407.23083
421.4100036621093,407.85867
425.2300109863281,408.5928
429.3699951171875,409.47568
428.73999023437494,410.5433
422.85998535156256,411.69177
421.64999389648443,412.7092
421.42999267578125,413.56897
420.72000122070307,414.27695
424.57000732421875,414.83035
421.44000244140625,415.35214
420.4500122070312,415.75003
417.88000488281244,416.0231
425.5199890136719,416.13092
424.5899963378906,416.3159
426.27999877929693,416.52234
423.260009765625,416.7862
427.92999267578125,417.00623
421.8999938964844,417.31247
413.64001464843756,417.51212
414.57998657226557,417.4188
411.8399963378906,417.14365
404.2699890136719,416.669
399.1199951171875,415.86783
400.9599914550781,414.7237
407.57000732421875,413.415
409.05999755859375,412.1982
399.0400085449219,411.12448
406.3200073242187,409.93124
402.25,408.89108
389.3299865722656,407.88333
394.94000244140625,406.59576
397.8399963378906,405.29935
406.6600036621094,404.1055
413.5400085449219,403.25592
409.3399963378906,402.86407
410.5400085449218,402.70975
412.32000732421875,402.77237
414.739990234375,403.03638
413.7200012207031,403.4994
416.55999755859375,404.06198
423.0799865722656,404.7517
420.98999023437494,405.67795
420.2099914550781,406.6858
425.33999633789057,407.70047
429.0400085449219,408.8193
430.5199890136719,410.06796
427.0,411.40598
430.1600036621094,412.67267
430.32000732421875,413.9297
429.1700134277343,415.13818
414.6700134277344,416.24124
415.13000488281256,416.85574
413.5199890136719,417.11517
416.07000732421875,417.0603
424.010009765625,416.84433
424.5199890136718,416.72345
423.85000610351557,416.68756
427.8699951171875,416.7041
432.6799926757812,416.8682
441.05999755859375,417.25952
441.5799865722656,418.0199
442.57000732421875,419.03455
448.3699951171875,420.22885
446.3399963378906,421.66275
445.70001220703125,423.16507
449.77999877929693,424.65112
447.6700134277344,426.17752
450.95001220703125,427.6222
452.1600036621094,429.04315
452.8500061035156,430.4257
446.9500122070313,431.7504
456.7300109863282,432.83926
459.2799987792969,433.9738
460.7699890136719,435.15845
467.55999755859375,436.3781
466.23999023437506,437.75418
459.5400085449219,439.16025
466.25000000000006,440.37698
454.7000122070313,441.5904
453.54998779296875,442.46448
453.9599914550781,443.04684
449.5199890136718,443.40784
443.51998901367193,443.4847
440.3699951171875,443.20837
437.1099853515625,442.61243
